pathway	pval	padj	ES	NES	collection	label
HALLMARK_ADIPOGENESIS	2.38767377036343e-14	1.70548126454531e-13	0.476822501016816	2.45282280583249	Hallmark	XL_Liver_male_Old_Heter
HALLMARK_ALLOGRAFT_REJECTION	4.5942608325042e-12	2.552367129169e-11	-0.461278681804039	-2.35915073993804	Hallmark	XL_Liver_male_Old_Heter
HALLMARK_ANDROGEN_RESPONSE	0.00275836381085782	0.00489022146496742	-0.342091972462901	-1.59232640048956	Hallmark	XL_Liver_male_Old_Heter
HALLMARK_ANGIOGENESIS	0.000220135003894136	0.0004785543562916	-0.570650274622585	-2.03040464459647	Hallmark	XL_Liver_male_Old_Heter
HALLMARK_APICAL_JUNCTION	0.00265625799569825	0.00489022146496742	-0.296961745074094	-1.51972747960855	Hallmark	XL_Liver_male_Old_Heter
HALLMARK_APICAL_SURFACE	0.0523138832997988	0.0792634595451497	-0.397775133556691	-1.49209222394829	Hallmark	XL_Liver_male_Old_Heter
HALLMARK_APOPTOSIS	3.40227659075905e-08	1.13409219691968e-07	-0.420997736197599	-2.11508680841929	Hallmark	XL_Liver_male_Old_Heter
HALLMARK_BILE_ACID_METABOLISM	2.5481464638981e-08	9.10052308535034e-08	0.47454159837651	2.23691427987817	Hallmark	XL_Liver_male_Old_Heter
HALLMARK_CHOLESTEROL_HOMEOSTASIS	0.0695825049701789	0.0940304121218634	-0.304339333538048	-1.35789546297673	Hallmark	XL_Liver_male_Old_Heter
HALLMARK_COAGULATION	0.640535372848948	0.667224346717655	0.189167279135533	0.918381054811221	Hallmark	XL_Liver_male_Old_Heter
HALLMARK_COMPLEMENT	0.000464758554946563	0.000929517109893126	-0.314587396803203	-1.62369715440777	Hallmark	XL_Liver_male_Old_Heter
HALLMARK_DNA_REPAIR	0.00014169874153603	0.000322042594400068	0.344617710654173	1.71054752963236	Hallmark	XL_Liver_male_Old_Heter
HALLMARK_E2F_TARGETS	7.444912239651e-13	4.65307014978188e-12	-0.456445529460257	-2.39035879161531	Hallmark	XL_Liver_male_Old_Heter
HALLMARK_EPITHELIAL_MESENCHYMAL_TRANSITION	3.73475896493014e-07	1.0984585190971e-06	-0.388140503357027	-1.98892392568682	Hallmark	XL_Liver_male_Old_Heter
HALLMARK_ESTROGEN_RESPONSE_EARLY	0.300420168067227	0.357643057222889	-0.208912585682176	-1.06845666304572	Hallmark	XL_Liver_male_Old_Heter
HALLMARK_ESTROGEN_RESPONSE_LATE	0.619433198380567	0.666722401036659	-0.185113783997749	-0.945245143114483	Hallmark	XL_Liver_male_Old_Heter
HALLMARK_FATTY_ACID_METABOLISM	1.70811393576891e-17	2.13514241971114e-16	0.566385091002325	2.81662591624952	Hallmark	XL_Liver_male_Old_Heter
HALLMARK_G2M_CHECKPOINT	1.39866144963408e-17	2.13514241971114e-16	-0.507057017052238	-2.64897366376149	Hallmark	XL_Liver_male_Old_Heter
HALLMARK_GLYCOLYSIS	0.348571428571429	0.40531561461794	0.204054219477883	1.04055195156205	Hallmark	XL_Liver_male_Old_Heter
HALLMARK_HEDGEHOG_SIGNALING	0.251004016064257	0.306102458614948	-0.338586025895208	-1.17022704263645	Hallmark	XL_Liver_male_Old_Heter
HALLMARK_HEME_METABOLISM	0.810924369747899	0.810924369747899	-0.169811239249764	-0.873874386676966	Hallmark	XL_Liver_male_Old_Heter
HALLMARK_HYPOXIA	1.51802129407316e-05	3.99479287913989e-05	-0.348608305414738	-1.79749159333111	Hallmark	XL_Liver_male_Old_Heter
HALLMARK_IL2_STAT5_SIGNALING	4.75761912668271e-09	2.16255414849214e-08	-0.413696129558037	-2.13671849675026	Hallmark	XL_Liver_male_Old_Heter
HALLMARK_IL6_JAK_STAT3_SIGNALING	1.71410107009897e-05	4.28525267524743e-05	-0.438029004709842	-1.97275696370001	Hallmark	XL_Liver_male_Old_Heter
HALLMARK_INFLAMMATORY_RESPONSE	4.10254065744735e-18	1.02563516436184e-16	-0.542523877597133	-2.75999940278133	Hallmark	XL_Liver_male_Old_Heter
HALLMARK_INTERFERON_ALPHA_RESPONSE	0.000137181650433086	0.000322042594400068	-0.383083560213641	-1.79872176608108	Hallmark	XL_Liver_male_Old_Heter
HALLMARK_INTERFERON_GAMMA_RESPONSE	3.73797994877553e-11	1.86898997438776e-10	-0.435660518796483	-2.28150980577307	Hallmark	XL_Liver_male_Old_Heter
HALLMARK_KRAS_SIGNALING_DN	0.0952380952380952	0.12531328320802	-0.280649483695846	-1.27138785917101	Hallmark	XL_Liver_male_Old_Heter
HALLMARK_KRAS_SIGNALING_UP	1.09679870323314e-08	4.56999459680475e-08	-0.410490395832548	-2.10986441316089	Hallmark	XL_Liver_male_Old_Heter
HALLMARK_MITOTIC_SPINDLE	3.11576589835585e-16	2.59647158196321e-15	-0.491298875470731	-2.57929976383108	Hallmark	XL_Liver_male_Old_Heter
HALLMARK_MTORC1_SIGNALING	0.0669456066945607	0.0929800092980009	-0.238280586650101	-1.25121360782609	Hallmark	XL_Liver_male_Old_Heter
HALLMARK_MYC_TARGETS_V1	0.171102661596958	0.213878326996198	0.219959415244189	1.13684094589867	Hallmark	XL_Liver_male_Old_Heter
HALLMARK_MYC_TARGETS_V2	0.62671905697446	0.666722401036659	0.220453592992248	0.915120786592515	Hallmark	XL_Liver_male_Old_Heter
HALLMARK_MYOGENESIS	0.100970873786408	0.129449838187702	0.243257770073564	1.21605247891908	Hallmark	XL_Liver_male_Old_Heter
HALLMARK_NOTCH_SIGNALING	0.416502946954813	0.473298803357742	-0.273987230179797	-1.01424054726011	Hallmark	XL_Liver_male_Old_Heter
HALLMARK_OXIDATIVE_PHOSPHORYLATION	3.00129727978781e-36	1.5006486398939e-34	0.656459158722756	3.3667558832438	Hallmark	XL_Liver_male_Old_Heter
HALLMARK_P53_PATHWAY	0.0028363284496811	0.00489022146496742	-0.289950972609354	-1.50967117895676	Hallmark	XL_Liver_male_Old_Heter
HALLMARK_PANCREAS_BETA_CELLS	0.750996015936255	0.766322465241077	0.25901903542805	0.808319629043176	Hallmark	XL_Liver_male_Old_Heter
HALLMARK_PEROXISOME	4.97188484366481e-07	1.38107912324023e-06	0.476638148252863	2.18612941976314	Hallmark	XL_Liver_male_Old_Heter
HALLMARK_PI3K_AKT_MTOR_SIGNALING	0.0109022779724126	0.0181021811848032	-0.318130806682815	-1.48786432734175	Hallmark	XL_Liver_male_Old_Heter
HALLMARK_PROTEIN_SECRETION	0.00034933533138975	0.000727781940395312	-0.377667002896411	-1.74536509433146	Hallmark	XL_Liver_male_Old_Heter
HALLMARK_REACTIVE_OXYGEN_SPECIES_PATHWAY	0.011223352334578	0.0181021811848032	0.407304409622476	1.65156588352566	Hallmark	XL_Liver_male_Old_Heter
HALLMARK_SPERMATOGENESIS	0.0162025541297523	0.0253164908277379	-0.345135265042606	-1.51582798187487	Hallmark	XL_Liver_male_Old_Heter
HALLMARK_TGF_BETA_SIGNALING	0.000614573340849425	0.00118187180932582	-0.436601413394881	-1.80452977023232	Hallmark	XL_Liver_male_Old_Heter
HALLMARK_TNFA_SIGNALING_VIA_NFKB	7.10948204409964e-17	7.10948204409964e-16	-0.512757622234262	-2.64652398851023	Hallmark	XL_Liver_male_Old_Heter
HALLMARK_UNFOLDED_PROTEIN_RESPONSE	0.0642530637341517	0.0917900910487881	-0.276781326555262	-1.31325382317113	Hallmark	XL_Liver_male_Old_Heter
HALLMARK_UV_RESPONSE_DN	4.0551126592831e-08	1.26722270602597e-07	-0.437718280486816	-2.1555273719437	Hallmark	XL_Liver_male_Old_Heter
HALLMARK_UV_RESPONSE_UP	0.545842217484009	0.60649135276001	-0.196363918715179	-0.967035872242713	Hallmark	XL_Liver_male_Old_Heter
HALLMARK_WNT_BETA_CATENIN_SIGNALING	0.0563380281690141	0.0828500414250207	-0.393588200333122	-1.47638664062231	Hallmark	XL_Liver_male_Old_Heter
HALLMARK_XENOBIOTIC_METABOLISM	1.49276982844244e-08	5.74142241708631e-08	0.397280079310955	2.04609672342916	Hallmark	XL_Liver_male_Old_Heter
HALLMARK_ADIPOGENESIS	2.77762272712729e-24	4.62937121187882e-23	0.577546181768327	2.87561513515016	Hallmark	XL_Liver_female_Old_Heter
HALLMARK_ALLOGRAFT_REJECTION	5.43701964338938e-31	1.35925491084735e-29	-0.643149518375681	-3.18410569599027	Hallmark	XL_Liver_female_Old_Heter
HALLMARK_ANDROGEN_RESPONSE	0.355691056910569	0.413594252221592	-0.232730534901088	-1.0515913124358	Hallmark	XL_Liver_female_Old_Heter
HALLMARK_ANGIOGENESIS	0.000696228085411527	0.00165768591764649	-0.557866749844224	-1.96330126599664	Hallmark	XL_Liver_female_Old_Heter
HALLMARK_APICAL_JUNCTION	4.70637929021501e-05	0.000117659482255375	-0.356280153252554	-1.74962215904594	Hallmark	XL_Liver_female_Old_Heter
HALLMARK_APICAL_SURFACE	0.279260780287474	0.358026641394198	-0.302166195819764	-1.11809365198895	Hallmark	XL_Liver_female_Old_Heter
HALLMARK_APOPTOSIS	0.00152488564950969	0.00346564920343112	-0.329883035830711	-1.60484960808659	Hallmark	XL_Liver_female_Old_Heter
HALLMARK_BILE_ACID_METABOLISM	2.16896900621385e-10	1.20498278122992e-09	0.528991783245911	2.39533171332837	Hallmark	XL_Liver_female_Old_Heter
HALLMARK_CHOLESTEROL_HOMEOSTASIS	0.0023637172283801	0.00513851571386978	0.381184560915608	1.60574491365016	Hallmark	XL_Liver_female_Old_Heter
HALLMARK_COAGULATION	0.0332379625180767	0.0581008262434517	-0.284531037579167	-1.34960348078235	Hallmark	XL_Liver_female_Old_Heter
HALLMARK_COMPLEMENT	2.88168476399788e-09	1.30985671090813e-08	-0.429230039853441	-2.1255898364992	Hallmark	XL_Liver_female_Old_Heter
HALLMARK_DNA_REPAIR	0.0820610687022901	0.124334952579227	0.260001445069461	1.24693646687844	Hallmark	XL_Liver_female_Old_Heter
HALLMARK_E2F_TARGETS	9.63798007142988e-08	3.44213573979639e-07	-0.395048386373102	-1.98034292122564	Hallmark	XL_Liver_female_Old_Heter
HALLMARK_EPITHELIAL_MESENCHYMAL_TRANSITION	0.0205436432523874	0.0410872865047749	-0.27720261405439	-1.35760138177261	Hallmark	XL_Liver_female_Old_Heter
HALLMARK_ESTROGEN_RESPONSE_EARLY	0.0607287449392713	0.0979495886117278	-0.254694507281355	-1.26094198658528	Hallmark	XL_Liver_female_Old_Heter
HALLMARK_ESTROGEN_RESPONSE_LATE	0.154786150712831	0.214980764878932	-0.23422678930715	-1.15256135737394	Hallmark	XL_Liver_female_Old_Heter
HALLMARK_FATTY_ACID_METABOLISM	1.72781934652528e-18	1.72781934652528e-17	0.584582960410146	2.78697317773547	Hallmark	XL_Liver_female_Old_Heter
HALLMARK_G2M_CHECKPOINT	1.99639996356788e-08	8.31833318153283e-08	-0.411029065732937	-2.04119208686479	Hallmark	XL_Liver_female_Old_Heter
HALLMARK_GLYCOLYSIS	0.29296875	0.359361958638598	0.217834600152191	1.05974414244509	Hallmark	XL_Liver_female_Old_Heter
HALLMARK_HEDGEHOG_SIGNALING	0.397515527950311	0.451722190852626	-0.306652508315368	-1.05855868346737	Hallmark	XL_Liver_female_Old_Heter
HALLMARK_HEME_METABOLISM	0.108778625954198	0.159968567579704	0.246529790956426	1.2061028891582	Hallmark	XL_Liver_female_Old_Heter
HALLMARK_HYPOXIA	0.0135551996009191	0.0282399991685815	-0.273942758837337	-1.35872111359708	Hallmark	XL_Liver_female_Old_Heter
HALLMARK_IL2_STAT5_SIGNALING	4.26714671958999e-06	1.18531853321944e-05	-0.372401681578118	-1.84715832496188	Hallmark	XL_Liver_female_Old_Heter
HALLMARK_IL6_JAK_STAT3_SIGNALING	7.6979065313485e-14	5.49850466524893e-13	-0.635533121798582	-2.74969249537294	Hallmark	XL_Liver_female_Old_Heter
HALLMARK_INFLAMMATORY_RESPONSE	1.21335730217695e-16	1.01113108514746e-15	-0.533776721224057	-2.62127309340885	Hallmark	XL_Liver_female_Old_Heter
HALLMARK_INTERFERON_ALPHA_RESPONSE	2.64822206094853e-07	8.82740686982845e-07	-0.473659655636546	-2.1467124240355	Hallmark	XL_Liver_female_Old_Heter
HALLMARK_INTERFERON_GAMMA_RESPONSE	2.18968168607792e-23	2.7371021075974e-22	-0.566971144982336	-2.84863119338556	Hallmark	XL_Liver_female_Old_Heter
HALLMARK_KRAS_SIGNALING_DN	0.595825426944972	0.633856837175502	0.212484498047507	0.929979578040997	Hallmark	XL_Liver_female_Old_Heter
HALLMARK_KRAS_SIGNALING_UP	5.64463158389777e-06	1.48542936418362e-05	-0.371044575743417	-1.83910046112438	Hallmark	XL_Liver_female_Old_Heter
HALLMARK_MITOTIC_SPINDLE	7.63920540581803e-08	2.93815592531463e-07	-0.391388567948827	-1.96645224939669	Hallmark	XL_Liver_female_Old_Heter
HALLMARK_MTORC1_SIGNALING	0.0813953488372093	0.124334952579227	0.250593918774798	1.24811792343671	Hallmark	XL_Liver_female_Old_Heter
HALLMARK_MYC_TARGETS_V1	0.033698479221202	0.0581008262434517	0.261638563548751	1.30581257013069	Hallmark	XL_Liver_female_Old_Heter
HALLMARK_MYC_TARGETS_V2	0.341201716738197	0.406192519926426	-0.258141383263215	-1.0518514359968	Hallmark	XL_Liver_female_Old_Heter
HALLMARK_MYOGENESIS	0.29467680608365	0.359361958638598	0.226200920577338	1.07782671354039	Hallmark	XL_Liver_female_Old_Heter
HALLMARK_NOTCH_SIGNALING	0.704414587332054	0.722264214327706	0.240687669533119	0.844275562034266	Hallmark	XL_Liver_female_Old_Heter
HALLMARK_OXIDATIVE_PHOSPHORYLATION	1.78948674964514e-37	8.9474337482257e-36	0.666634077575457	3.29925130968052	Hallmark	XL_Liver_female_Old_Heter
HALLMARK_P53_PATHWAY	0.544117647058823	0.604575163398693	-0.195300851428199	-0.969874361031716	Hallmark	XL_Liver_female_Old_Heter
HALLMARK_PANCREAS_BETA_CELLS	0.0465549348230912	0.0775915580384854	0.500126028640019	1.4862095441365	Hallmark	XL_Liver_female_Old_Heter
HALLMARK_PEROXISOME	1.05715943573838e-06	3.30362323668243e-06	0.474233252235331	2.06979573325734	Hallmark	XL_Liver_female_Old_Heter
HALLMARK_PI3K_AKT_MTOR_SIGNALING	0.0335130061839963	0.0581008262434517	-0.297154438206938	-1.3478569022635	Hallmark	XL_Liver_female_Old_Heter
HALLMARK_PROTEIN_SECRETION	0.901544401544402	0.901544401544402	0.178942065142285	0.783000266187797	Hallmark	XL_Liver_female_Old_Heter
HALLMARK_REACTIVE_OXYGEN_SPECIES_PATHWAY	0.0226548407888834	0.0435670015170835	0.384058895058045	1.47241044587078	Hallmark	XL_Liver_female_Old_Heter
HALLMARK_SPERMATOGENESIS	0.571969696969697	0.621706192358366	0.227939758032055	0.93338189200951	Hallmark	XL_Liver_female_Old_Heter
HALLMARK_TGF_BETA_SIGNALING	0.231578947368421	0.304709141274238	-0.284082170510486	-1.13862328400153	Hallmark	XL_Liver_female_Old_Heter
HALLMARK_TNFA_SIGNALING_VIA_NFKB	2.45683693219349e-10	1.22841846609674e-09	-0.449855660361499	-2.23122664894845	Hallmark	XL_Liver_female_Old_Heter
HALLMARK_UNFOLDED_PROTEIN_RESPONSE	3.27902293422442e-06	9.64418510066007e-06	-0.437015646929754	-2.02064748747644	Hallmark	XL_Liver_female_Old_Heter
HALLMARK_UV_RESPONSE_DN	0.707818930041152	0.722264214327706	-0.188442643574803	-0.903515458917291	Hallmark	XL_Liver_female_Old_Heter
HALLMARK_UV_RESPONSE_UP	0.11522633744856	0.164609053497942	-0.249142395470241	-1.19419522821584	Hallmark	XL_Liver_female_Old_Heter
HALLMARK_WNT_BETA_CATENIN_SIGNALING	0.173469387755102	0.234418091560949	-0.330570441434292	-1.21562777208426	Hallmark	XL_Liver_female_Old_Heter
HALLMARK_XENOBIOTIC_METABOLISM	1.13396499262454e-13	7.08728120390335e-13	0.48165237704769	2.39893676430099	Hallmark	XL_Liver_female_Old_Heter
HALLMARK_ADIPOGENESIS	5.48937551856022e-10	2.74468775928011e-08	-0.431407719639363	-2.13874883372645	Hallmark	XL_Muscle_male_Old_Heter
HALLMARK_ALLOGRAFT_REJECTION	0.993657505285412	0.993657505285412	0.145025959482285	0.703153800791383	Hallmark	XL_Muscle_male_Old_Heter
HALLMARK_ANDROGEN_RESPONSE	0.0177623517547134	0.0306247444046783	-0.325104984964408	-1.43330684157483	Hallmark	XL_Muscle_male_Old_Heter
HALLMARK_ANGIOGENESIS	0.0836653386454183	0.12676566461427	0.382328926229954	1.36950669397755	Hallmark	XL_Muscle_male_Old_Heter
HALLMARK_APICAL_JUNCTION	0.256029684601113	0.368663594470046	-0.222825335731876	-1.08979048494239	Hallmark	XL_Muscle_male_Old_Heter
HALLMARK_APICAL_SURFACE	0.764471057884232	0.85755938598748	-0.226295932644414	-0.817052704120057	Hallmark	XL_Muscle_male_Old_Heter
HALLMARK_APOPTOSIS	0.000326862642554124	0.00116736658055044	-0.356811019652137	-1.70128978533159	Hallmark	XL_Muscle_male_Old_Heter
HALLMARK_BILE_ACID_METABOLISM	0.00445136268897103	0.0117141123393974	-0.363438942252049	-1.586125236957	Hallmark	XL_Muscle_male_Old_Heter
HALLMARK_CHOLESTEROL_HOMEOSTASIS	6.47232123746794e-06	4.28408187618096e-05	-0.497311000518534	-2.08910879568082	Hallmark	XL_Muscle_male_Old_Heter
HALLMARK_COAGULATION	0.00030333294432815	0.00116666517049288	-0.389358362980638	-1.7657121141756	Hallmark	XL_Muscle_male_Old_Heter
HALLMARK_COMPLEMENT	0.0386605557228261	0.0623557350368163	-0.2681880841912	-1.29536881197772	Hallmark	XL_Muscle_male_Old_Heter
HALLMARK_DNA_REPAIR	0.331140350877193	0.424538911381017	0.221696108466993	1.05474624314712	Hallmark	XL_Muscle_male_Old_Heter
HALLMARK_E2F_TARGETS	0.433760683760684	0.542200854700855	0.204155139935802	1.01018524533056	Hallmark	XL_Muscle_male_Old_Heter
HALLMARK_EPITHELIAL_MESENCHYMAL_TRANSITION	0.000860748822542943	0.0026898400704467	0.321237528059793	1.59142650115427	Hallmark	XL_Muscle_male_Old_Heter
HALLMARK_ESTROGEN_RESPONSE_EARLY	0.0064758957804097	0.0161897394510243	-0.299409196318762	-1.44881357431228	Hallmark	XL_Muscle_male_Old_Heter
HALLMARK_ESTROGEN_RESPONSE_LATE	0.0296738493555708	0.049456415592618	-0.274847850193388	-1.33478183058367	Hallmark	XL_Muscle_male_Old_Heter
HALLMARK_FATTY_ACID_METABOLISM	0.0101380214869244	0.0211208780977593	-0.307788056289097	-1.46204695584119	Hallmark	XL_Muscle_male_Old_Heter
HALLMARK_G2M_CHECKPOINT	0.926829268292683	0.949314151890264	-0.166232354947872	-0.815463536601138	Hallmark	XL_Muscle_male_Old_Heter
HALLMARK_GLYCOLYSIS	0.0157702890169306	0.0292042389202419	-0.281466529792581	-1.38212797508423	Hallmark	XL_Muscle_male_Old_Heter
HALLMARK_HEDGEHOG_SIGNALING	0.84156378600823	0.895280623413011	-0.218165390456296	-0.751712079972636	Hallmark	XL_Muscle_male_Old_Heter
HALLMARK_HEME_METABOLISM	1.34198768497962e-06	1.34198768497962e-05	-0.402635531965492	-1.96951900916262	Hallmark	XL_Muscle_male_Old_Heter
HALLMARK_HYPOXIA	0.000281575796257986	0.00116666517049288	-0.335636995511518	-1.64812946431515	Hallmark	XL_Muscle_male_Old_Heter
HALLMARK_IL2_STAT5_SIGNALING	0.00101582948794183	0.00298773378806421	-0.323173109119164	-1.58710139880862	Hallmark	XL_Muscle_male_Old_Heter
HALLMARK_IL6_JAK_STAT3_SIGNALING	4.69795801874635e-06	3.91496501562195e-05	-0.500010471882135	-2.10070991456031	Hallmark	XL_Muscle_male_Old_Heter
HALLMARK_INFLAMMATORY_RESPONSE	0.0096387287022428	0.0209537580483539	-0.301891844051794	-1.44911366062207	Hallmark	XL_Muscle_male_Old_Heter
HALLMARK_INTERFERON_ALPHA_RESPONSE	0.788954635108481	0.85755938598748	-0.193374992600087	-0.852896168797459	Hallmark	XL_Muscle_male_Old_Heter
HALLMARK_INTERFERON_GAMMA_RESPONSE	0.0623818525519849	0.0974716446124764	-0.251121768379444	-1.23626709559987	Hallmark	XL_Muscle_male_Old_Heter
HALLMARK_KRAS_SIGNALING_DN	0.291984732824427	0.405534351145038	-0.2408270250807	-1.09276244846933	Hallmark	XL_Muscle_male_Old_Heter
HALLMARK_KRAS_SIGNALING_UP	0.494360902255639	0.602879149092243	-0.202242243523393	-0.990536345322067	Hallmark	XL_Muscle_male_Old_Heter
HALLMARK_MITOTIC_SPINDLE	0.601134215500945	0.715635970834459	-0.192413508665485	-0.947247588479196	Hallmark	XL_Muscle_male_Old_Heter
HALLMARK_MTORC1_SIGNALING	0.000119924393813596	0.000551328875810862	-0.332531614652852	-1.64547376308279	Hallmark	XL_Muscle_male_Old_Heter
HALLMARK_MYC_TARGETS_V1	4.38736570048428e-05	0.000243742538915793	-0.351891897349134	-1.7415293171941	Hallmark	XL_Muscle_male_Old_Heter
HALLMARK_MYC_TARGETS_V2	0.00012129235267839	0.000551328875810862	-0.493294632614977	-1.99251661890312	Hallmark	XL_Muscle_male_Old_Heter
HALLMARK_MYOGENESIS	0.78584729981378	0.85755938598748	-0.177779348982393	-0.881445117308587	Hallmark	XL_Muscle_male_Old_Heter
HALLMARK_NOTCH_SIGNALING	0.258064516129032	0.368663594470046	-0.32589158829419	-1.14255045991915	Hallmark	XL_Muscle_male_Old_Heter
HALLMARK_OXIDATIVE_PHOSPHORYLATION	0.00698850714628449	0.0166393027292488	0.293410266556886	1.45356888010436	Hallmark	XL_Muscle_male_Old_Heter
HALLMARK_P53_PATHWAY	6.85453100188954e-06	4.28408187618096e-05	-0.373895996451355	-1.84744407454674	Hallmark	XL_Muscle_male_Old_Heter
HALLMARK_PANCREAS_BETA_CELLS	0.930327868852459	0.949314151890264	0.213603205028872	0.635444220905118	Hallmark	XL_Muscle_male_Old_Heter
HALLMARK_PEROXISOME	0.00415848467573873	0.0115513463214965	-0.363137314510812	-1.58303554354015	Hallmark	XL_Muscle_male_Old_Heter
HALLMARK_PI3K_AKT_MTOR_SIGNALING	0.0146419560114995	0.0281576077144221	-0.327198383686178	-1.44836022296624	Hallmark	XL_Muscle_male_Old_Heter
HALLMARK_PROTEIN_SECRETION	0.324324324324324	0.424538911381017	-0.244474839804612	-1.07257256317287	Hallmark	XL_Muscle_male_Old_Heter
HALLMARK_REACTIVE_OXYGEN_SPECIES_PATHWAY	0.000386165902221845	0.00128721967407282	-0.492112457246358	-1.90222705267374	Hallmark	XL_Muscle_male_Old_Heter
HALLMARK_SPERMATOGENESIS	0.325490196078431	0.424538911381017	-0.260840485186637	-1.08411425279107	Hallmark	XL_Muscle_male_Old_Heter
HALLMARK_TGF_BETA_SIGNALING	0.0129298672484449	0.0258597344968898	-0.400537895344407	-1.58191334354964	Hallmark	XL_Muscle_male_Old_Heter
HALLMARK_TNFA_SIGNALING_VIA_NFKB	2.83024147833047e-07	3.53780184791309e-06	-0.404480447034791	-1.98071382888995	Hallmark	XL_Muscle_male_Old_Heter
HALLMARK_UNFOLDED_PROTEIN_RESPONSE	4.48799789335983e-08	7.47999648893305e-07	-0.485498965273163	-2.20297135607372	Hallmark	XL_Muscle_male_Old_Heter
HALLMARK_UV_RESPONSE_DN	0.726881720430108	0.845211302825707	0.188295405861706	0.893040943737582	Hallmark	XL_Muscle_male_Old_Heter
HALLMARK_UV_RESPONSE_UP	0.00959800089934801	0.0209537580483539	-0.30425720068077	-1.44078597903415	Hallmark	XL_Muscle_male_Old_Heter
HALLMARK_WNT_BETA_CATENIN_SIGNALING	0.0172285119044759	0.0306247444046783	-0.442722085847464	-1.62184868498607	Hallmark	XL_Muscle_male_Old_Heter
HALLMARK_XENOBIOTIC_METABOLISM	5.39455890584203e-09	1.34863972646051e-07	-0.442249697738913	-2.13355940486275	Hallmark	XL_Muscle_male_Old_Heter
HALLMARK_ADIPOGENESIS	0.00286800508397851	0.00754738179994345	0.309277779756	1.48502752920356	Hallmark	XL_Muscle_female_Old_Heter
HALLMARK_ALLOGRAFT_REJECTION	4.85846278628029e-12	6.07307848285036e-11	-0.49143094451286	-2.37581441877368	Hallmark	XL_Muscle_female_Old_Heter
HALLMARK_ANDROGEN_RESPONSE	0.129385964912281	0.202165570175439	-0.269760728709019	-1.20150143666623	Hallmark	XL_Muscle_female_Old_Heter
HALLMARK_ANGIOGENESIS	0.126819126819127	0.202165570175439	-0.365505543923131	-1.30336308887888	Hallmark	XL_Muscle_female_Old_Heter
HALLMARK_APICAL_JUNCTION	3.96778834429885e-05	0.000152607244011494	-0.350074797840715	-1.71829502100208	Hallmark	XL_Muscle_female_Old_Heter
HALLMARK_APICAL_SURFACE	0.0253059391790719	0.0602522361406474	-0.406123319977968	-1.47676219921159	Hallmark	XL_Muscle_female_Old_Heter
HALLMARK_APOPTOSIS	1.26690975167094e-06	7.91818594794336e-06	-0.406238809480116	-1.94699691681141	Hallmark	XL_Muscle_female_Old_Heter
HALLMARK_BILE_ACID_METABOLISM	0.241071428571429	0.325772200772201	0.262262114787072	1.12094250395747	Hallmark	XL_Muscle_female_Old_Heter
HALLMARK_CHOLESTEROL_HOMEOSTASIS	0.147058823529412	0.216262975778547	-0.287777024972711	-1.19953244425309	Hallmark	XL_Muscle_female_Old_Heter
HALLMARK_COAGULATION	0.000802193186868015	0.0023593917260824	-0.379203421287907	-1.71301748271525	Hallmark	XL_Muscle_female_Old_Heter
HALLMARK_COMPLEMENT	0.07	0.134615384615385	-0.255612209621535	-1.24851571669369	Hallmark	XL_Muscle_female_Old_Heter
HALLMARK_DNA_REPAIR	0.068676716917923	0.134615384615385	0.279900314230306	1.28604477425348	Hallmark	XL_Muscle_female_Old_Heter
HALLMARK_E2F_TARGETS	0.752845528455285	0.818310357016614	0.188111639121921	0.893358272874244	Hallmark	XL_Muscle_female_Old_Heter
HALLMARK_EPITHELIAL_MESENCHYMAL_TRANSITION	1.85325207874426e-07	1.32375148481733e-06	-0.38710301839745	-1.90903186833322	Hallmark	XL_Muscle_female_Old_Heter
HALLMARK_ESTROGEN_RESPONSE_EARLY	0.00618782545129193	0.0154695636282298	-0.292281086685172	-1.43115938938639	Hallmark	XL_Muscle_female_Old_Heter
HALLMARK_ESTROGEN_RESPONSE_LATE	9.76167359929439e-05	0.0003486311999748	-0.346913426101246	-1.69446860719509	Hallmark	XL_Muscle_female_Old_Heter
HALLMARK_FATTY_ACID_METABOLISM	0.0536013400335008	0.111669458403127	0.286277323881101	1.3111885711272	Hallmark	XL_Muscle_female_Old_Heter
HALLMARK_G2M_CHECKPOINT	0.852242744063325	0.889886892880905	-0.171529775082285	-0.844386385689909	Hallmark	XL_Muscle_female_Old_Heter
HALLMARK_GLYCOLYSIS	0.406099518459069	0.472208742394266	0.213633118702531	1.01557034468252	Hallmark	XL_Muscle_female_Old_Heter
HALLMARK_HEDGEHOG_SIGNALING	0.000232137121529136	0.00077379040509712	-0.580845717980748	-2.03711089750787	Hallmark	XL_Muscle_female_Old_Heter
HALLMARK_HEME_METABOLISM	0.206322795341098	0.286559437973747	0.240163456996786	1.12452713764679	Hallmark	XL_Muscle_female_Old_Heter
HALLMARK_HYPOXIA	0.0388820551332078	0.0883683071209269	-0.257388983189337	-1.26556385033679	Hallmark	XL_Muscle_female_Old_Heter
HALLMARK_IL2_STAT5_SIGNALING	1.39293782592158e-05	6.33153557237084e-05	-0.3610516214143	-1.77659753289763	Hallmark	XL_Muscle_female_Old_Heter
HALLMARK_IL6_JAK_STAT3_SIGNALING	0.000288714939041449	0.000902234184504529	-0.416986501780312	-1.77573002473253	Hallmark	XL_Muscle_female_Old_Heter
HALLMARK_INFLAMMATORY_RESPONSE	3.3019957214869e-10	2.75166310123909e-09	-0.465666696040794	-2.25125760424611	Hallmark	XL_Muscle_female_Old_Heter
HALLMARK_INTERFERON_ALPHA_RESPONSE	1.31068065632079e-10	1.31068065632079e-09	-0.545530350716788	-2.43485984934237	Hallmark	XL_Muscle_female_Old_Heter
HALLMARK_INTERFERON_GAMMA_RESPONSE	3.28914086472351e-17	1.64457043236175e-15	-0.518890655512535	-2.56471448322057	Hallmark	XL_Muscle_female_Old_Heter
HALLMARK_KRAS_SIGNALING_DN	0.105381165919283	0.181691665378073	-0.27089977589074	-1.22003563065783	Hallmark	XL_Muscle_female_Old_Heter
HALLMARK_KRAS_SIGNALING_UP	4.89916697096684e-06	2.44958348548342e-05	-0.375094521184358	-1.84131853855102	Hallmark	XL_Muscle_female_Old_Heter
HALLMARK_MITOTIC_SPINDLE	0.632686084142395	0.702984537935994	0.196388115434114	0.936913532134359	Hallmark	XL_Muscle_female_Old_Heter
HALLMARK_MTORC1_SIGNALING	0.0423452768729642	0.0920549497238351	0.275514466867314	1.32220614851064	Hallmark	XL_Muscle_female_Old_Heter
HALLMARK_MYC_TARGETS_V1	0.560260586319218	0.63665975718093	0.199676878088345	0.9582581957519	Hallmark	XL_Muscle_female_Old_Heter
HALLMARK_MYC_TARGETS_V2	0.953947368421053	0.953947368421053	-0.169886446934434	-0.687550392236866	Hallmark	XL_Muscle_female_Old_Heter
HALLMARK_MYOGENESIS	0.117263843648208	0.195439739413681	0.247792491998611	1.18916716134954	Hallmark	XL_Muscle_female_Old_Heter
HALLMARK_NOTCH_SIGNALING	0.367983367983368	0.472208742394266	-0.293871440099913	-1.04792169166786	Hallmark	XL_Muscle_female_Old_Heter
HALLMARK_OXIDATIVE_PHOSPHORYLATION	2.6803552802216e-15	6.70088820055401e-14	0.518796974876473	2.46764688241514	Hallmark	XL_Muscle_female_Old_Heter
HALLMARK_P53_PATHWAY	2.59202279411678e-06	1.44001266339821e-05	-0.368573156009211	-1.81743315730281	Hallmark	XL_Muscle_female_Old_Heter
HALLMARK_PANCREAS_BETA_CELLS	0.854291417165669	0.889886892880905	0.25690364491157	0.728669264849708	Hallmark	XL_Muscle_female_Old_Heter
HALLMARK_PEROXISOME	0.388888888888889	0.472208742394266	0.24261010060064	1.03710755670902	Hallmark	XL_Muscle_female_Old_Heter
HALLMARK_PI3K_AKT_MTOR_SIGNALING	0.393258426966292	0.472208742394266	-0.226947045376868	-1.01568276634831	Hallmark	XL_Muscle_female_Old_Heter
HALLMARK_PROTEIN_SECRETION	0.389799635701275	0.472208742394266	0.237910175917677	1.02676174703843	Hallmark	XL_Muscle_female_Old_Heter
HALLMARK_REACTIVE_OXYGEN_SPECIES_PATHWAY	0.399624765478424	0.472208742394266	0.276925376182194	1.02939055355203	Hallmark	XL_Muscle_female_Old_Heter
HALLMARK_SPERMATOGENESIS	0.906818181818182	0.925324675324675	-0.183037037979697	-0.756698647465174	Hallmark	XL_Muscle_female_Old_Heter
HALLMARK_TGF_BETA_SIGNALING	0.0027678654745091	0.00754738179994345	-0.436657415418155	-1.75226033414718	Hallmark	XL_Muscle_female_Old_Heter
HALLMARK_TNFA_SIGNALING_VIA_NFKB	3.62291719511381e-13	6.03819532518968e-12	-0.480640343098428	-2.36504809039453	Hallmark	XL_Muscle_female_Old_Heter
HALLMARK_UNFOLDED_PROTEIN_RESPONSE	0.103448275862069	0.181691665378073	-0.269356480818691	-1.22428157971873	Hallmark	XL_Muscle_female_Old_Heter
HALLMARK_UV_RESPONSE_DN	0.169950738916256	0.242786769880366	-0.241765430615385	-1.15710785050052	Hallmark	XL_Muscle_female_Old_Heter
HALLMARK_UV_RESPONSE_UP	0.140394088669951	0.212718316166592	-0.248747385499349	-1.18449022930167	Hallmark	XL_Muscle_female_Old_Heter
HALLMARK_WNT_BETA_CATENIN_SIGNALING	3.41254830534957e-05	0.000142189512722899	-0.58086723309741	-2.13845164628217	Hallmark	XL_Muscle_female_Old_Heter
HALLMARK_XENOBIOTIC_METABOLISM	0.0906801007556675	0.167926112510495	-0.25506597453275	-1.23545452302995	Hallmark	XL_Muscle_female_Old_Heter
HALLMARK_ADIPOGENESIS	1.62391147961876e-11	2.70651913269794e-10	0.466051341104681	2.25863581753844	Hallmark	XL_Skin_male_Old_Heter
HALLMARK_ALLOGRAFT_REJECTION	0.027246375103323	0.104793750397396	-0.274488788733157	-1.34708859322798	Hallmark	XL_Skin_male_Old_Heter
HALLMARK_ANDROGEN_RESPONSE	0.115107913669065	0.26160889470242	0.285293745409353	1.24578857224392	Hallmark	XL_Skin_male_Old_Heter
HALLMARK_ANGIOGENESIS	0.961616161616162	0.998148148148148	-0.172966445346815	-0.609547170046523	Hallmark	XL_Skin_male_Old_Heter
HALLMARK_APICAL_JUNCTION	0.0166062300689892	0.0691926252874549	-0.286684172830692	-1.40501085805419	Hallmark	XL_Skin_male_Old_Heter
HALLMARK_APICAL_SURFACE	0.395161290322581	0.59109080525414	-0.283519616958702	-1.04288869752475	Hallmark	XL_Skin_male_Old_Heter
HALLMARK_APOPTOSIS	0.245535714285714	0.491071428571429	-0.229705431002711	-1.1042824116074	Hallmark	XL_Skin_male_Old_Heter
HALLMARK_BILE_ACID_METABOLISM	0.0305561741197749	0.10912919328491	0.316573677185396	1.38237825278967	Hallmark	XL_Skin_male_Old_Heter
HALLMARK_CHOLESTEROL_HOMEOSTASIS	0.5489443378119	0.755263157894737	0.231142525586405	0.947226693579658	Hallmark	XL_Skin_male_Old_Heter
HALLMARK_COAGULATION	1.5574181954189e-06	1.5574181954189e-05	-0.459277596128991	-2.05509197618603	Hallmark	XL_Skin_male_Old_Heter
HALLMARK_COMPLEMENT	0.00304386467770655	0.0253655389808879	-0.306380630286633	-1.49188059174213	Hallmark	XL_Skin_male_Old_Heter
HALLMARK_DNA_REPAIR	0.992970123022847	0.998148148148148	0.146536032683353	0.683288176340653	Hallmark	XL_Skin_male_Old_Heter
HALLMARK_E2F_TARGETS	0.0952380952380952	0.238095238095238	-0.240773971917061	-1.19465969020032	Hallmark	XL_Skin_male_Old_Heter
HALLMARK_EPITHELIAL_MESENCHYMAL_TRANSITION	0.0105990926065854	0.0529954630329268	-0.289189935723648	-1.42811966710819	Hallmark	XL_Skin_male_Old_Heter
HALLMARK_ESTROGEN_RESPONSE_EARLY	0.257709251101322	0.495594713656388	-0.220049545143321	-1.08190173742871	Hallmark	XL_Skin_male_Old_Heter
HALLMARK_ESTROGEN_RESPONSE_LATE	0.0421375656825204	0.140458552275068	-0.270688007826729	-1.32661523092249	Hallmark	XL_Skin_male_Old_Heter
HALLMARK_FATTY_ACID_METABOLISM	5.1613636246568e-10	6.451704530821e-09	0.483405087434239	2.25408709774807	Hallmark	XL_Skin_male_Old_Heter
HALLMARK_G2M_CHECKPOINT	0.971615720524017	0.998148148148148	-0.152067633671566	-0.752808274899826	Hallmark	XL_Skin_male_Old_Heter
HALLMARK_GLYCOLYSIS	0.618834080717489	0.771808393759613	-0.192384821250792	-0.942859035827591	Hallmark	XL_Skin_male_Old_Heter
HALLMARK_HEDGEHOG_SIGNALING	0.816161616161616	0.927456382001837	-0.222295644661934	-0.783387094795521	Hallmark	XL_Skin_male_Old_Heter
HALLMARK_HEME_METABOLISM	0.697986577181208	0.8309364014062	-0.186657965309803	-0.912122423560975	Hallmark	XL_Skin_male_Old_Heter
HALLMARK_HYPOXIA	0.300220750551876	0.517621983710132	-0.215723938055858	-1.06390346557024	Hallmark	XL_Skin_male_Old_Heter
HALLMARK_IL2_STAT5_SIGNALING	0.466083150984683	0.665833072835261	-0.200438795047243	-0.990843849124284	Hallmark	XL_Skin_male_Old_Heter
HALLMARK_IL6_JAK_STAT3_SIGNALING	0.0723684210526316	0.201023391812865	-0.314942936985276	-1.3292505277495	Hallmark	XL_Skin_male_Old_Heter
HALLMARK_INFLAMMATORY_RESPONSE	0.00609078130759085	0.0338376739310603	-0.293959701954919	-1.44544673899795	Hallmark	XL_Skin_male_Old_Heter
HALLMARK_INTERFERON_ALPHA_RESPONSE	0.288248337028825	0.514729173265759	-0.249524409269889	-1.09260885753335	Hallmark	XL_Skin_male_Old_Heter
HALLMARK_INTERFERON_GAMMA_RESPONSE	0.38961038961039	0.59109080525414	-0.205587865949088	-1.02007511147545	Hallmark	XL_Skin_male_Old_Heter
HALLMARK_KRAS_SIGNALING_DN	0.0809037576903868	0.212904625501018	-0.274153521518056	-1.30329871333205	Hallmark	XL_Skin_male_Old_Heter
HALLMARK_KRAS_SIGNALING_UP	0.00607860565340119	0.0338376739310603	-0.294255145077977	-1.45147390659637	Hallmark	XL_Skin_male_Old_Heter
HALLMARK_MITOTIC_SPINDLE	0.287037037037037	0.514729173265759	0.221459633573948	1.07245210500918	Hallmark	XL_Skin_male_Old_Heter
HALLMARK_MTORC1_SIGNALING	0.147874306839187	0.321465884433015	0.237658469145492	1.14875288860514	Hallmark	XL_Skin_male_Old_Heter
HALLMARK_MYC_TARGETS_V1	0.998148148148148	0.998148148148148	0.139367227967255	0.673982147661217	Hallmark	XL_Skin_male_Old_Heter
HALLMARK_MYC_TARGETS_V2	0.804878048780488	0.927456382001837	0.204491603197018	0.80812551227462	Hallmark	XL_Skin_male_Old_Heter
HALLMARK_MYOGENESIS	6.63122906265e-17	1.6578072656625e-15	0.517599998938999	2.50188640893412	Hallmark	XL_Skin_male_Old_Heter
HALLMARK_NOTCH_SIGNALING	0.97119341563786	0.998148148148148	-0.175317981552916	-0.608916798853993	Hallmark	XL_Skin_male_Old_Heter
HALLMARK_OXIDATIVE_PHOSPHORYLATION	3.29834058106252e-27	1.64917029053126e-25	0.613316145208072	2.95613349413065	Hallmark	XL_Skin_male_Old_Heter
HALLMARK_P53_PATHWAY	0.014708429773886	0.066856498972209	-0.278678308540764	-1.37959230139452	Hallmark	XL_Skin_male_Old_Heter
HALLMARK_PANCREAS_BETA_CELLS	0.574	0.755263157894737	-0.286899116151491	-0.903240325437468	Hallmark	XL_Skin_male_Old_Heter
HALLMARK_PEROXISOME	0.00391784903446632	0.0279846359604737	0.359980332691161	1.56284086257359	Hallmark	XL_Skin_male_Old_Heter
HALLMARK_PI3K_AKT_MTOR_SIGNALING	0.631578947368421	0.771808393759613	-0.209296877015887	-0.920757343544619	Hallmark	XL_Skin_male_Old_Heter
HALLMARK_PROTEIN_SECRETION	0.632882882882883	0.771808393759613	-0.210785284349454	-0.91632140190021	Hallmark	XL_Skin_male_Old_Heter
HALLMARK_REACTIVE_OXYGEN_SPECIES_PATHWAY	0.401941747572816	0.59109080525414	0.276492643335438	1.05167102522993	Hallmark	XL_Skin_male_Old_Heter
HALLMARK_SPERMATOGENESIS	0.0615671641791045	0.181079894644425	0.311933832691089	1.32830531205419	Hallmark	XL_Skin_male_Old_Heter
HALLMARK_TGF_BETA_SIGNALING	0.936842105263158	0.998148148148148	-0.173834396979317	-0.680518020505127	Hallmark	XL_Skin_male_Old_Heter
HALLMARK_TNFA_SIGNALING_VIA_NFKB	0.559259259259259	0.755263157894737	0.200333958110566	0.968818231561262	Hallmark	XL_Skin_male_Old_Heter
HALLMARK_UNFOLDED_PROTEIN_RESPONSE	0.0598911070780399	0.181079894644425	0.290903236515907	1.28907630455437	Hallmark	XL_Skin_male_Old_Heter
HALLMARK_UV_RESPONSE_DN	0.114235500878735	0.26160889470242	0.257785649502966	1.1993662336714	Hallmark	XL_Skin_male_Old_Heter
HALLMARK_UV_RESPONSE_UP	0.383177570093458	0.59109080525414	-0.218913965096385	-1.03424066591085	Hallmark	XL_Skin_male_Old_Heter
HALLMARK_WNT_BETA_CATENIN_SIGNALING	0.185483870967742	0.386424731182796	-0.325733167594446	-1.19816555389416	Hallmark	XL_Skin_male_Old_Heter
HALLMARK_XENOBIOTIC_METABOLISM	0.388520971302428	0.59109080525414	-0.210584202038012	-1.02498112715734	Hallmark	XL_Skin_male_Old_Heter
HALLMARK_ADIPOGENESIS	0.928251121076233	0.928251121076233	-0.171440390762626	-0.79926500176196	Hallmark	XL_Skin_female_Old_Heter
HALLMARK_ALLOGRAFT_REJECTION	5.71123971516769e-08	4.07945693940549e-07	-0.425274020570385	-1.9784765922837	Hallmark	XL_Skin_female_Old_Heter
HALLMARK_ANDROGEN_RESPONSE	0.362924281984334	0.465287541005557	0.2354986051498	1.04581226314866	Hallmark	XL_Skin_female_Old_Heter
HALLMARK_ANGIOGENESIS	0.169683257918552	0.273682674062181	0.342842933134854	1.1928906749644	Hallmark	XL_Skin_female_Old_Heter
HALLMARK_APICAL_JUNCTION	0.208395802098951	0.306464414851398	-0.242062706241287	-1.12565821319998	Hallmark	XL_Skin_female_Old_Heter
HALLMARK_APICAL_SURFACE	0.0270258325109041	0.0614223466156911	-0.425309416438962	-1.484988168378	Hallmark	XL_Skin_female_Old_Heter
HALLMARK_APOPTOSIS	0.0623003194888179	0.119808306709265	-0.28159452872891	-1.27009203852068	Hallmark	XL_Skin_female_Old_Heter
HALLMARK_BILE_ACID_METABOLISM	0.0533117932148627	0.106623586429725	-0.320650653518735	-1.34960638932657	Hallmark	XL_Skin_female_Old_Heter
HALLMARK_CHOLESTEROL_HOMEOSTASIS	0.536082474226804	0.638193421698576	0.229263817480772	0.961279238115156	Hallmark	XL_Skin_female_Old_Heter
HALLMARK_COAGULATION	0.4448	0.542439024390244	-0.234222242443088	-1.01416918525518	Hallmark	XL_Skin_female_Old_Heter
HALLMARK_COMPLEMENT	0.313935681470138	0.413073265092287	-0.231627725843907	-1.06597628537823	Hallmark	XL_Skin_female_Old_Heter
HALLMARK_DNA_REPAIR	5.97331679678564e-06	2.71514399853893e-05	0.385480451971718	1.82964506685899	Hallmark	XL_Skin_female_Old_Heter
HALLMARK_E2F_TARGETS	4.70847271039128e-44	2.35423635519564e-42	0.694031154489369	3.43345381705392	Hallmark	XL_Skin_female_Old_Heter
HALLMARK_EPITHELIAL_MESENCHYMAL_TRANSITION	1.55589723833928e-07	9.72435773962052e-07	0.397763250620451	1.95775363374624	Hallmark	XL_Skin_female_Old_Heter
HALLMARK_ESTROGEN_RESPONSE_EARLY	0.20814479638009	0.306464414851398	-0.243227246966705	-1.13155140321954	Hallmark	XL_Skin_female_Old_Heter
HALLMARK_ESTROGEN_RESPONSE_LATE	0.112426035502959	0.19383799224648	0.238449446125166	1.16795360551822	Hallmark	XL_Skin_female_Old_Heter
HALLMARK_FATTY_ACID_METABOLISM	0.073972602739726	0.132093933463796	0.25916361407597	1.2285872802957	Hallmark	XL_Skin_female_Old_Heter
HALLMARK_G2M_CHECKPOINT	9.56569048880732e-36	2.39142262220183e-34	0.654813380417508	3.2345335947613	Hallmark	XL_Skin_female_Old_Heter
HALLMARK_GLYCOLYSIS	5.82254456687213e-06	2.71514399853893e-05	0.377960838005941	1.85769582594069	Hallmark	XL_Skin_female_Old_Heter
HALLMARK_HEDGEHOG_SIGNALING	0.282415630550622	0.392243931320308	-0.333086656821816	-1.11685072380974	Hallmark	XL_Skin_female_Old_Heter
HALLMARK_HEME_METABOLISM	0.444272445820433	0.542439024390244	-0.217455345315083	-1.00483511863715	Hallmark	XL_Skin_female_Old_Heter
HALLMARK_HYPOXIA	0.00897651628803305	0.0264015184942149	0.27997987537595	1.37583489351832	Hallmark	XL_Skin_female_Old_Heter
HALLMARK_IL2_STAT5_SIGNALING	0.00585896677319822	0.0192976205294477	-0.311170392012806	-1.44787681287413	Hallmark	XL_Skin_female_Old_Heter
HALLMARK_IL6_JAK_STAT3_SIGNALING	0.0382109369984445	0.0796061187467593	-0.351826080990058	-1.42633252675896	Hallmark	XL_Skin_female_Old_Heter
HALLMARK_INFLAMMATORY_RESPONSE	4.13883232931744e-06	2.29935129406524e-05	-0.396201891541097	-1.83532013090055	Hallmark	XL_Skin_female_Old_Heter
HALLMARK_INTERFERON_ALPHA_RESPONSE	0.0110874901784755	0.0307985838290986	-0.362833009329645	-1.53261764198618	Hallmark	XL_Skin_female_Old_Heter
HALLMARK_INTERFERON_GAMMA_RESPONSE	1.52544678316281e-05	6.35602826317837e-05	-0.379683756201555	-1.76512422816838	Hallmark	XL_Skin_female_Old_Heter
HALLMARK_KRAS_SIGNALING_DN	0.748397435897436	0.779580662393162	-0.194941759605195	-0.877618061774115	Hallmark	XL_Skin_female_Old_Heter
HALLMARK_KRAS_SIGNALING_UP	0.27299703264095	0.389995760915642	-0.232545889885952	-1.08354847889734	Hallmark	XL_Skin_female_Old_Heter
HALLMARK_MITOTIC_SPINDLE	1.54409834108901e-11	1.54409834108901e-10	0.453294243380327	2.2424999801743	Hallmark	XL_Skin_female_Old_Heter
HALLMARK_MTORC1_SIGNALING	1.66949719603797e-08	1.39124766336498e-07	0.409758505476857	2.02933057209316	Hallmark	XL_Skin_female_Old_Heter
HALLMARK_MYC_TARGETS_V1	3.17008924892218e-22	5.28348208153697e-21	0.561289509873111	2.76925792481506	Hallmark	XL_Skin_female_Old_Heter
HALLMARK_MYC_TARGETS_V2	0.0322646920069558	0.07014063479773	0.360279528284981	1.43184348630983	Hallmark	XL_Skin_female_Old_Heter
HALLMARK_MYOGENESIS	0.0168972343335011	0.0432677189893134	0.282529831168269	1.3955365789741	Hallmark	XL_Skin_female_Old_Heter
HALLMARK_NOTCH_SIGNALING	0.582142857142857	0.676910299003322	-0.280659253309503	-0.935438568087576	Hallmark	XL_Skin_female_Old_Heter
HALLMARK_OXIDATIVE_PHOSPHORYLATION	1.20055143806005e-13	1.50068929757506e-12	0.489724078598328	2.40071073784393	Hallmark	XL_Skin_female_Old_Heter
HALLMARK_P53_PATHWAY	0.00617523856942326	0.0192976205294477	-0.311893622907604	-1.4540660806586	Hallmark	XL_Skin_female_Old_Heter
HALLMARK_PANCREAS_BETA_CELLS	0.704194260485651	0.765428544006143	0.266122153965942	0.823450607087655	Hallmark	XL_Skin_female_Old_Heter
HALLMARK_PEROXISOME	0.896940418679549	0.915245325183213	-0.185002764898009	-0.777733596803363	Hallmark	XL_Skin_female_Old_Heter
HALLMARK_PI3K_AKT_MTOR_SIGNALING	0.301857585139319	0.407915655593674	-0.25118625031391	-1.07563265538233	Hallmark	XL_Skin_female_Old_Heter
HALLMARK_PROTEIN_SECRETION	0.203655352480418	0.306464414851398	0.258622001791584	1.1416363459741	Hallmark	XL_Skin_female_Old_Heter
HALLMARK_REACTIVE_OXYGEN_SPECIES_PATHWAY	0.663636363636364	0.737373737373737	0.231752096990341	0.894842857678996	Hallmark	XL_Skin_female_Old_Heter
HALLMARK_SPERMATOGENESIS	0.000343960223355857	0.00132292393598407	0.398753905696839	1.74853060352251	Hallmark	XL_Skin_female_Old_Heter
HALLMARK_TGF_BETA_SIGNALING	0.168941979522184	0.273682674062181	-0.326951920454723	-1.2273618410967	Hallmark	XL_Skin_female_Old_Heter
HALLMARK_TNFA_SIGNALING_VIA_NFKB	0.00124832309888947	0.0044582967817481	-0.340599386470103	-1.58641335304753	Hallmark	XL_Skin_female_Old_Heter
HALLMARK_UNFOLDED_PROTEIN_RESPONSE	0.0731707317073171	0.132093933463796	0.274174662136913	1.24328812703092	Hallmark	XL_Skin_female_Old_Heter
HALLMARK_UV_RESPONSE_DN	0.744075829383886	0.779580662393162	-0.19595332316159	-0.877764042239526	Hallmark	XL_Skin_female_Old_Heter
HALLMARK_UV_RESPONSE_UP	0.619496855345912	0.703973699256718	-0.205834989523586	-0.926175252493168	Hallmark	XL_Skin_female_Old_Heter
HALLMARK_WNT_BETA_CATENIN_SIGNALING	0.0225846950080359	0.0537730833524665	-0.430323153735757	-1.50249387193716	Hallmark	XL_Skin_female_Old_Heter
HALLMARK_XENOBIOTIC_METABOLISM	0.0173070875957254	0.0432677189893134	-0.298747061592075	-1.3745739365506	Hallmark	XL_Skin_female_Old_Heter
